CROU;BA1R16MV1
CROU;BA2R08MV1
CROU;BL1R16MV1
CROU;BL2R08MV1
CROU;BM1R16MV1
CROU;BM2R08MV1
CROU;88980110
CROU;88980160
CROU;88980161
CROU;88980162
CROU;88980170
CROU;88980171
CROU;88980172
CROU;88980180
CROU;88980182
CROU;88981103
CROU;88981106
CROU;88981123
CROU;88981126
CROU;88981133
CROU;88982113
CROU;88982213
CROU;88980183
CROU;88981136
CROU;88950105
CROU;88950108
CROU;88950109
CROU;88950112
CROU;88950150
CROU;88950151
CROU;88950152
CROU;88950153
CROU;88950154
CROU;88950155
CROU;88950321
CROU;88950400
CROU;88970001
CROU;88970003
CROU;88970005
CROU;88970011
CROU;88970013
CROU;88970021
CROU;88970031
CROU;88970041
CROU;88970042
CROU;88970045
CROU;88970051
CROU;88970052
CROU;88970055
CROU;88970094
CROU;88970102
CROU;88970104
CROU;88970108
CROU;88970109
CROU;88970111
CROU;88970123
CROU;88970125
CROU;88970126
CROU;88970127
CROU;88970131
CROU;88970132
CROU;88970141
CROU;88970142
CROU;88970151
CROU;88970152
CROU;88970155
CROU;88970161
CROU;88970162
CROU;88970165
CROU;88970211
CROU;88970213
CROU;88970214
CROU;88970215
CROU;88970221
CROU;88970223
CROU;88970224
CROU;88970225
CROU;88970231
CROU;88970233
CROU;88970234
CROU;88970235
CROU;88970241
CROU;88970270
CROU;88970310
CROU;88970311
CROU;88970312
CROU;88970313
CROU;88970314
CROU;88970315
CROU;88970316
CROU;88970317
CROU;88970321
CROU;88970323
CROU;88970324
CROU;88970410
CROU;88970411
CROU;88970412
CROU;88970413
CROU;88970414
CROU;88970503
CROU;88970504
CROU;88970508
CROU;88970510
CROU;88970523
CROU;88970533
CROU;88970534
CROU;88970553
CROU;88970554
CROU;88970555
CROU;88970563
CROU;88970564
CROU;88970566
CROU;88970567
CROU;88970573
CROU;88970574
CROU;88970577
CROU;88970591
CROU;88970800
CROU;88970806
CROU;88970808
CROU;88970809
CROU;88970810
CROU;88970814
CROU;88970840
CROU;88970865
CROU;88972250
CROU;88972805
CROU;88973001
CROU;88973061
CROU;88973211
CROU;88973231
CROU;88974021
CROU;88974023
CROU;88974024
CROU;88974026
CROU;88974031
CROU;88974033
CROU;88974034
CROU;88974041
CROU;88974042
CROU;88974043
CROU;88974044
CROU;88974045
CROU;88974046
CROU;88974051
CROU;88974052
CROU;88974053
CROU;88974054
CROU;88974055
CROU;88974080
CROU;88974081
CROU;88974082
CROU;88974083
CROU;88974084
CROU;88974085
CROU;88974106
CROU;88974131
CROU;88974132
CROU;88974133
CROU;88974134
CROU;88974141
CROU;88974142
CROU;88974143
CROU;88974144
CROU;88974151
CROU;88974152
CROU;88974153
CROU;88974154
CROU;88974155
CROU;88974161
CROU;88974162
CROU;88974163
CROU;88974164
CROU;88974165
CROU;88974166
CROU;88974250
CROU;88974441
CROU;88974561
CROU;89750147
CROU;89750160
CROU;89750161
CROU;89750162
CROU;89750174
CROU;89750180
CROU;89750182
CROU;89750185
CROU;89750186
CROU;89750190
CROU;88970524
CROU;25622076
CROU;25622080
CROU;25622130
CROU;25622203
CROU;25622301
CROU;25622303
CROU;26546803
CROU;26546805
CROU;26546840
CROU;26546841
CROU;26546842
CROU;26546843
CROU;26546844
CROU;26546845
CROU;26546846
CROU;26546847
CROU;26546848
CROU;26546849
CROU;79237739
CROU;79237785
CROU;79237806
CROU;79694002
CROU;79696006
CROU;79696014
CROU;79696043
CROU;79696044
CROU;84870200
CROU;84870210
CROU;84870700
CROU;84871030
CROU;84871031
CROU;84871033
CROU;84871034
CROU;84871120
CROU;84871122
CROU;84871130
CROU;84872033
CROU;84872034
CROU;84872120
CROU;84872130
CROU;84872140
CROU;84872141
CROU;84872142
CROU;84872151
CROU;84872152
CROU;84872501
CROU;84873021
CROU;84873022
CROU;84873023
CROU;84873024
CROU;84873025
CROU;84873026
CROU;84873029
CROU;84873034
CROU;84873220
CROU;84873221
CROU;84873222
CROU;84874200
CROU;84874320
CROU;84903020
CROU;87621111
CROU;87621112
CROU;87621115
CROU;87621121
CROU;87621122
CROU;87621125
CROU;87621211
CROU;87621212
CROU;87621215
CROU;87621221
CROU;87621222
CROU;87621225
CROU;87622061
CROU;87622062
CROU;87622070
CROU;87622081
CROU;87622090
CROU;87622161
CROU;87622162
CROU;87622170
CROU;87622190
CROU;87623570
CROU;87623572
CROU;87623573
CROU;87629111
CROU;87629114
CROU;87629121
CROU;87629124
CROU;88827004
CROU;88827014
CROU;88827044
CROU;88827054
CROU;88827103
CROU;88827105
CROU;88827115
CROU;88827125
CROU;88827135
CROU;88827145
CROU;88827155
CROU;88827185
CROU;88827503
CROU;88829117
CROU;88829119
CROU;88829198
CROU;88829900
CROU;88829901
CROU;88829902
CROU;88865265
CROU;88866175
CROU;88866176
CROU;88866385
CROU;88886016
CROU;88886106
CROU;88886116
CROU;88886516
CROU;99766001
CROU;99766002
CROU;99772710
CROU;99772712
CROU;99772714
CROU;99772715
CROU;99772716
CROU;99772810
CROU;99776601
CROU;99776602
CROU;99776604
CROU;99776605
CROU;99776607
CROU;99776610
CROU;99776616
CROU;99776701
CROU;99776705
CROU;99776707
CROU;99776710
CROU;99776711
CROU;99776713
CROU;99776716
CROU;99776736
CROU;99776901
CROU;99776902
CROU;99776904
CROU;99776905
CROU;99776907
CROU;99776921
CROU;99776922
CROU;99776924
CROU;99776927
CROU;99777710
CROU;99777714
CROU;99777720
CROU;99777724
CROU;99777810
CROU;99777815
CROU;99777820
CROU;99778710
CROU;99778805
CROU;99778810
CROU;99779710
CROU;99779712
CROU;99779714
CROU;99779715
CROU;99779810
CROU;99782710
CROU;99782714
CROU;99782810
CROU;99792810
CROU;99793710
CROU;99793714
CROU;99793810
CROU;79696002
CROU;79696003
CROU;MDA2R10MV2
CROU;MDF1R10MV2
CROU;GDF1R10MV2
CROU;GDS2R10MV2
CROU;MDE1R0524U
CROU;MDE1R05MVA
CROU;89750192
CROU;89750193
CROU;88980122
CROU;88980123
CROU;88975001
CROU;88975011
CROU;88975101
CROU;88975111
CROU;88975201
CROU;88975303
CROU;88980112
CROU;88980114
CROU;88980116
CROU;OU1R10MV1
CROU;OA2R10MV1
CROU;OC1R10MV1
CROU;OL1R10MV1
CROU;PU2R10MV1
CROU;PA2R10MV1
CROU;PC2R10MV1
CROU;PL2R10MV1
CROU;89750191
CROU;88975901
CROU;88975911
CROU;88970558
CROU;88970568
CROU;89451001
CROU;89451003
CROU;89451006
CROU;89451010
CROU;DZ1R08MV1
